meanfreq,sd,median,Q25,Q75,IQR,skew,kurt,sp.ent,sfm,mode,centroid,meanfun,minfun,maxfun,meandom,mindom,maxdom,dfrange,modindx,sex
0.174991748,0.054608344,0.188442907,0.118685121,0.209757785,0.091072664,1.833907168,6.255185951,0.899892484,0.368654765,0.197647059,0.174991748,0.106991824,0.046920821,0.277456647,0.443677326,0.0234375,3.6328125,3.609375,0.057668522,
0.20390764,0.0459615,0.231215227,0.206617862,0.257452416,0.050834553,1.290425723,3.415963392,0.858277442,0.15941362,0.207847731,0.227755414,0.178587928,0.049382716,0.279069767,1.221679688,0.0234375,6.140625,6.1171875,0.082687339,
